{
    "openapi": "3.0.0",
    "info": {
        "title": "HMS API",
        "description": "HMS API Documentation",
        "contact": {
            "email": "rezafeisalfajri@gmail.com"
        },
        "license": {
            "name": "Apache 2.0",
            "url": "http://www.apache.org/licenses/LICENSE-2.0.html"
        },
        "version": "1.0.0"
    },
    "servers": [
        {
            "url": "http://localhost:8000/api/v1",
            "description": "Demo API Server"
        }
    ],
    "paths": {
        "/users": {
            "get": {
                "tags": [
                    "Users"
                ],
                "summary": "Users",
                "description": "Mengambil Data Users",
                "operationId": "UsersManagement",
                "responses": {
                    "200": {
                        "description": "Ok",
                        "content": {
                            "application/json": {
                                "schema": {},
                                "example": {
                                    "success": true,
                                    "message": "Berhasil mengambil Users",
                                    "data": [
                                        {
                                            "id": "1",
                                            "username": "admin@test.com"
                                        }
                                    ]
                                }
                            }
                        }
                    }
                }
            }
        }
    },
    "tags": [
        {
            "name": "Users",
            "description": "Users"
        }
    ]
}